snapshot_date,coverage_start,coverage_end,p50,p80,p90,notes
2026-01-06,2026-01-07,2026-01-13,14056.03604844059,15193.241686601084,16317.311161699432,schedule_week=wed_tue
2026-01-06,2026-01-14,2026-01-20,15164.40199664182,17087.17403018775,18479.879308117983,schedule_week=wed_tue
2026-01-06,2026-01-21,2026-01-27,15599.771858011887,17968.70095129236,18887.614210070256,schedule_week=wed_tue
2026-01-06,2026-01-28,2026-02-03,14957.627352913947,17347.586998575425,18048.742105032557,schedule_week=wed_tue
2026-01-06,2026-02-04,2026-02-10,14108.952793581719,17538.777368229643,18496.26047486884,schedule_week=wed_tue
2026-01-06,2026-02-11,2026-02-17,18170.024065123438,20764.422808561594,21787.50551419417,schedule_week=wed_tue
2026-01-06,2026-02-18,2026-02-24,15100.465080776086,17828.430877364233,19021.986151585876,schedule_week=wed_tue
2026-01-06,2026-02-25,2026-03-03,16398.419045694394,18352.024113325566,19988.619162497434,schedule_week=wed_tue
2026-01-06,2026-03-04,2026-03-10,17122.17207270353,19236.34668252448,20716.331544817556,schedule_week=wed_tue
2026-01-06,2026-03-11,2026-03-17,19384.857473345088,21340.807470494754,22530.10253932283,schedule_week=wed_tue
2026-01-06,2026-03-18,2026-03-24,18018.000022187243,20811.640058007422,22197.208758625107,schedule_week=wed_tue
2026-01-06,2026-03-25,2026-03-31,18198.616505062113,20411.41024615033,22338.05914793069,schedule_week=wed_tue
2026-01-06,2026-04-01,2026-04-07,16733.52606747473,17607.801433203676,18558.635444900843,schedule_week=wed_tue
2026-01-06,2026-04-08,2026-04-14,20189.182246113596,21105.661176201644,21838.46608901517,schedule_week=wed_tue
2026-01-06,2026-04-15,2026-04-21,22189.10711019431,23311.284295492154,23315.51445294884,schedule_week=wed_tue
2026-01-06,2026-04-22,2026-04-28,21100.07638687894,21544.31097860769,21894.356731578682,schedule_week=wed_tue
2026-01-06,2026-04-29,2026-05-05,19178.274137386474,19767.983642399784,20396.686434699113,schedule_week=wed_tue
2026-01-06,2026-05-06,2026-05-12,18312.005566293814,19542.047986484256,20376.964515310985,schedule_week=wed_tue
2026-01-06,2026-05-13,2026-05-19,19068.617983279386,19837.049302146315,20554.14682043155,schedule_week=wed_tue
2026-01-06,2026-05-20,2026-05-26,25552.403081058328,26818.36651777278,27254.579024152954,schedule_week=wed_tue
2026-01-06,2026-05-27,2026-06-02,21726.39410844648,22245.973081571436,22657.08470604644,schedule_week=wed_tue
2026-01-06,2026-06-03,2026-06-09,22792.392399944296,23641.49388434719,24390.18988189826,schedule_week=wed_tue
2026-01-06,2026-06-10,2026-06-16,21567.858614575827,23365.71204711585,24333.226986172296,schedule_week=wed_tue
2026-01-06,2026-06-17,2026-06-23,23417.699222499865,24117.542512377076,24684.15031908952,schedule_week=wed_tue
2026-01-06,2026-06-24,2026-06-30,22461.071075853975,23521.370530565793,24314.683025610528,schedule_week=wed_tue
2026-01-06,2026-07-01,2026-07-07,26142.59063375323,26669.492258253158,27376.6095690287,schedule_week=wed_tue
2026-01-06,2026-07-08,2026-07-14,29449.241738786975,30862.23935620822,31063.557201610736,schedule_week=wed_tue
2026-01-06,2026-07-15,2026-07-21,29802.610530362985,30787.47361536827,30993.173484680123,schedule_week=wed_tue
2026-01-06,2026-07-22,2026-07-28,29452.271092817962,31146.670506520888,31482.29941688129,schedule_week=wed_tue
2026-01-06,2026-07-29,2026-08-04,27162.150858188343,27919.38771250232,28173.40516647573,schedule_week=wed_tue
2026-01-06,2026-08-05,2026-08-11,26409.506798421953,27235.108430848366,27426.411901032843,schedule_week=wed_tue
2026-01-06,2026-08-12,2026-08-18,24893.18267357132,25354.366038023403,26007.94416604841,schedule_week=wed_tue
2026-01-06,2026-08-19,2026-08-25,23288.00517128736,24222.568741374223,24826.029595768618,schedule_week=wed_tue
2026-01-06,2026-08-26,2026-09-01,21866.71659241488,22751.895710478093,23055.081826339352,schedule_week=wed_tue
2026-01-06,2026-09-02,2026-09-08,20440.104810536643,21510.431746209044,22162.1312415758,schedule_week=wed_tue
2026-01-06,2026-09-09,2026-09-15,18299.5837557827,19042.9897637689,19556.446766666944,schedule_week=wed_tue
2026-01-06,2026-09-16,2026-09-22,18793.391574844314,19441.112702192448,19589.55018653694,schedule_week=wed_tue
2026-01-06,2026-09-23,2026-09-29,18678.845930156538,19419.580677448805,19765.44375067312,schedule_week=wed_tue
2026-01-06,2026-09-30,2026-10-06,19013.92701897193,19394.957080059932,19726.33491160818,schedule_week=wed_tue
2026-01-06,2026-10-07,2026-10-13,18634.667841961378,19145.80542835849,19592.13658906395,schedule_week=wed_tue
2026-01-06,2026-10-14,2026-10-20,18736.1849015917,19428.71255413839,19801.797112103184,schedule_week=wed_tue
2026-01-06,2026-10-21,2026-10-27,18065.632547242993,18870.023591639587,19268.19192661122,schedule_week=wed_tue
2026-01-06,2026-10-28,2026-11-03,17738.96498414241,18635.405709222017,18968.8085409762,schedule_week=wed_tue
2026-01-06,2026-11-04,2026-11-10,18402.353328188874,18712.03685022134,19150.01456029754,schedule_week=wed_tue
2026-01-06,2026-11-11,2026-11-17,17302.917302631256,18097.63525404154,18699.45679056128,schedule_week=wed_tue
2026-01-06,2026-11-18,2026-11-24,18140.0460587231,18560.350095103924,19259.52904638207,schedule_week=wed_tue
2026-01-06,2026-11-25,2026-12-01,21366.657297331683,21781.462814051567,22048.03429732471,schedule_week=wed_tue
2026-01-06,2026-12-02,2026-12-08,18212.59634565283,18735.44207429609,19701.465375752658,schedule_week=wed_tue
2026-01-06,2026-12-09,2026-12-15,17900.388264520254,18742.674843693992,19983.88618479513,schedule_week=wed_tue
2026-01-06,2026-12-16,2026-12-22,20016.18575497681,20438.24919581395,21085.886209808697,schedule_week=wed_tue
2026-01-06,2026-12-23,2026-12-29,30702.24144447047,31417.751720984787,31417.751720984787,schedule_week=wed_tue
2026-01-06,2026-12-30,2026-12-31,9872.514748669193,10050.670646496137,10050.670646496137,window_truncated_at_forecast_end;schedule_week=wed_tue
