event_id,event_name_clean,event_name_ascii,category,proximity,status_confidence_raw,start_date,end_date,date_raw_clean,month_section,notes,parse_status
bruno_mars_residency__2026-01-01,Bruno Mars Residency,bruno_mars_residency,Concerts,Strip,Confirmed,2026-01-01,2026-01-01,"Jan 1, 2026 (NYE run)",January 2026,DQ: Single-source (flag for review).,parsed
halloween_party_expo__2026-01-12,Halloween & Party Expo,halloween_party_expo,Conventions,Near-Strip,Confirmed,2026-01-12,2026-01-14,"Jan 12-14, 2026",January 2026,Mid-January,parsed
ppai_expo_2026__2026-01-12,PPAI Expo 2026,ppai_expo_2026,Conventions,Strip,Confirmed,2026-01-12,2026-01-15,"Jan 12-15, 2026",January 2026,Mid-January,parsed
shot_show_2026_shooting_hunting_trade__2026-01-20,SHOT Show 2026 (Shooting/ Hunting Trade),shot_show_2026_shooting_hunting_trade,Conventions,Strip,Confirmed,2026-01-20,2026-01-23,"Jan 20- 23, 2026",January 2026,Outdoor / Retail / Law Enforcement; Outdoor / Retail / Law Enforcement,parsed
world_of_concrete_2026__2026-01-20,World of Concrete 2026,world_of_concrete_2026,Conventions,Strip,Confirmed,2026-01-20,2026-01-22,Jan 20-22 (exhibits),January 2026,Construction / Industrial; Construction / Industrial,parsed
eagles_live_at_sphere_final_shows__2026-01-23,Eagles - Live at Sphere (final shows),eagles_live_at_sphere_final_shows,Concerts,Strip,Confirmed,2026-01-23,2026-01-23,"Jan 23, 24, 30, 31; Feb 20, 21, 27, 28; Mar 20, 21, 27, 28, 2026",January 2026,DQ: Single-source (flag for review).,parsed
eagles_live_at_sphere_final_shows__2026-01-24,Eagles - Live at Sphere (final shows),eagles_live_at_sphere_final_shows,Concerts,Strip,Confirmed,2026-01-24,2026-01-24,"Jan 23, 24, 30, 31; Feb 20, 21, 27, 28; Mar 20, 21, 27, 28, 2026",January 2026,DQ: Single-source (flag for review).,parsed
eagles_live_at_sphere_final_shows__2026-01-30,Eagles - Live at Sphere (final shows),eagles_live_at_sphere_final_shows,Concerts,Strip,Confirmed,2026-01-30,2026-01-30,"Jan 23, 24, 30, 31; Feb 20, 21, 27, 28; Mar 20, 21, 27, 28, 2026",January 2026,DQ: Single-source (flag for review).,parsed
eagles_live_at_sphere_final_shows__2026-01-31,Eagles - Live at Sphere (final shows),eagles_live_at_sphere_final_shows,Concerts,Strip,Confirmed,2026-01-31,2026-01-31,"Jan 23, 24, 30, 31; Feb 20, 21, 27, 28; Mar 20, 21, 27, 28, 2026",January 2026,DQ: Single-source (flag for review).,parsed
eagles_live_at_sphere_final_shows__2026-02-20,Eagles - Live at Sphere (final shows),eagles_live_at_sphere_final_shows,Concerts,Strip,Confirmed,2026-02-20,2026-02-20,"Jan 23, 24, 30, 31; Feb 20, 21, 27, 28; Mar 20, 21, 27, 28, 2026",January 2026,DQ: Single-source (flag for review).,parsed
eagles_live_at_sphere_final_shows__2026-02-21,Eagles - Live at Sphere (final shows),eagles_live_at_sphere_final_shows,Concerts,Strip,Confirmed,2026-02-21,2026-02-21,"Jan 23, 24, 30, 31; Feb 20, 21, 27, 28; Mar 20, 21, 27, 28, 2026",January 2026,DQ: Single-source (flag for review).,parsed
eagles_live_at_sphere_final_shows__2026-02-27,Eagles - Live at Sphere (final shows),eagles_live_at_sphere_final_shows,Concerts,Strip,Confirmed,2026-02-27,2026-02-27,"Jan 23, 24, 30, 31; Feb 20, 21, 27, 28; Mar 20, 21, 27, 28, 2026",January 2026,DQ: Single-source (flag for review).,parsed
eagles_live_at_sphere_final_shows__2026-02-28,Eagles - Live at Sphere (final shows),eagles_live_at_sphere_final_shows,Concerts,Strip,Confirmed,2026-02-28,2026-02-28,"Jan 23, 24, 30, 31; Feb 20, 21, 27, 28; Mar 20, 21, 27, 28, 2026",January 2026,DQ: Single-source (flag for review).,parsed
eagles_live_at_sphere_final_shows__2026-03-20,Eagles - Live at Sphere (final shows),eagles_live_at_sphere_final_shows,Concerts,Strip,Confirmed,2026-03-20,2026-03-20,"Jan 23, 24, 30, 31; Feb 20, 21, 27, 28; Mar 20, 21, 27, 28, 2026",January 2026,DQ: Single-source (flag for review).,parsed
eagles_live_at_sphere_final_shows__2026-03-21,Eagles - Live at Sphere (final shows),eagles_live_at_sphere_final_shows,Concerts,Strip,Confirmed,2026-03-21,2026-03-21,"Jan 23, 24, 30, 31; Feb 20, 21, 27, 28; Mar 20, 21, 27, 28, 2026",January 2026,DQ: Single-source (flag for review).,parsed
eagles_live_at_sphere_final_shows__2026-03-27,Eagles - Live at Sphere (final shows),eagles_live_at_sphere_final_shows,Concerts,Strip,Confirmed,2026-03-27,2026-03-27,"Jan 23, 24, 30, 31; Feb 20, 21, 27, 28; Mar 20, 21, 27, 28, 2026",January 2026,DQ: Single-source (flag for review).,parsed
eagles_live_at_sphere_final_shows__2026-03-28,Eagles - Live at Sphere (final shows),eagles_live_at_sphere_final_shows,Concerts,Strip,Confirmed,2026-03-28,2026-03-28,"Jan 23, 24, 30, 31; Feb 20, 21, 27, 28; Mar 20, 21, 27, 28, 2026",January 2026,DQ: Single-source (flag for review).,parsed
las_vegas_open_warhammer__2026-01-23,Las Vegas Open (Warhammer),las_vegas_open_warhammer,Festivals,Strip,High,2026-01-23,2026-01-25,Jan 23-25 (Expected),January 2026,"Annual, typically late January. 2025: Jan 24-26.; DQ: Single-source (flag for review).",parsed
ufc_324_gaethjevs_pimblett__2026-01-24,UFC 324: Gaethjevs Pimblett,ufc_324_gaethjevs_pimblett,Sports,Strip,Confirmed,2026-01-24,2026-01-24,"Jan 24, 2026",January 2026,,parsed
las_vegas_winter_market_home_furnishings__2026-01-25,Las Vegas Winter Market (Home Furnishings),las_vegas_winter_market_home_furnishings,Conventions,Near- Strip,Confirmed,2026-01-25,2026-01-29,"Jan 25- 29, 2026",January 2026,Biannual furniture market (Jan & July) 8; DQ: Single-source (flag for review).,parsed
tise_the_international_surface_event__2026-01-27,TISE (The International Surface Event),tise_the_international_surface_event,Conventions,Strip,Confirmed,2026-01-27,2026-01-29,"Jan 27-29, 2026",January 2026,Late January,parsed
nmhc_annual_meeting__2026-01-27,NMHC Annual Meeting,nmhc_annual_meeting,Private,Unknown,Medium,2026-01-27,2026-01-29,"Jan 27-29, 2026",January 2026,DQ: Single-source (flag for review).,parsed
leona_lewis_a_starry_night__2026-01-02,Leona Lewis: A Starry Night,leona_lewis_a_starry_night,Concerts,Strip,Confirmed,2026-01-02,2026-01-03,"Jan 2-3, 2026",January 2026,DQ: Single-source (flag for review).,parsed
jennifer_lopez_up_all_night_live__2026-01-02,Jennifer Lopez: Up All Night Live,jennifer_lopez_up_all_night_live,Concerts,Strip,Confirmed,2026-01-02,2026-01-03,"Jan 2-3, 2026; Mar 6-28, 2026 (8 shows in Mar)",January 2026,,parsed
jennifer_lopez_up_all_night_live__2026-03-06,Jennifer Lopez: Up All Night Live,jennifer_lopez_up_all_night_live,Concerts,Strip,Confirmed,2026-03-06,2026-03-28,"Jan 2-3, 2026; Mar 6-28, 2026 (8 shows in Mar)",January 2026,,parsed
spiegelworld_s_discoshow_closure__2026-01-03,Spiegelworld's DISCOSHOW Closure,spiegelworld_s_discoshow_closure,Negative,Unknown,Medium,2026-01-03,2026-01-03,"Jan 3, 2026",January 2026,"Permanent closure of a major Strip production show, reducing entertainment options at the start of the year.; DQ: Single-source (flag for review).",parsed
new_edition_boyz_ii_men_toni_braxton__2026-01-30,"New Edition, Boyz II Men, Toni Braxton",new_edition_boyz_ii_men_toni_braxton,Concerts,Strip,Confirmed,2026-01-30,2026-01-30,"Jan 30, 2026",January 2026,DQ: Single-source (flag for review).,parsed
ces_consumer_technology_association__2026-01-06,CES (Consumer Technology Association),ces_consumer_technology_association,Conventions,Strip,Confirmed,2026-01-06,2026-01-09,"Jan 6-9, 2026",January 2026,"Technology / Global Media; Technology / Global Media; DQ: Attendance estimates vary >50% (13,000 vs 170,000).",parsed
zac_brown_band_love_fear__2026-01-09,Zac Brown Band: Love & Fear,zac_brown_band_love_fear,Concerts,Strip,Confirmed,2026-01-09,2026-01-17,"Jan 9-17, 2026 (Multiple dates)",January 2026,DQ: Single-source (flag for review).,parsed
martin_luther_king_jr_day__2026-01-19,Martin Luther King Jr. Day,martin_luther_king_jr_day,Holidays,Unknown,Confirmed,2026-01-19,2026-01-19,"Mon, Jan 19, 2026",January 2026,"3-day weekend - moderate tourism uptick, events honoring Dr. King (parade downtown around Jan 17).",parsed
diana_ross__2026-02-10,Diana Ross,diana_ross,Concerts,Strip,Confirmed,2026-02-10,2026-02-14,"Feb 10-14, 2026",February 2026,DQ: Single-source (flag for review).,parsed
mariah_carey_the_celebration_of_mimi__2026-02-12,Mariah Carey: The Celebration of Mimi,mariah_carey_the_celebration_of_mimi,Concerts,Strip,Confirmed,2026-02-12,2026-02-15,"Feb 12-15, 2026 (Multiple dates)",February 2026,DQ: Single-source (flag for review).,parsed
kenny_babyface_edmonds__2026-02-13,Kenny Babyface Edmonds,kenny_babyface_edmonds,Concerts,Near-Strip,Confirmed,2026-02-13,2026-02-14,"Feb 13-14, 2026",February 2026,DQ: Single-source (flag for review).,parsed
new_kids_on_the_block_the_right_stuff__2026-02-14,New Kids on the Block: The Right Stuff,new_kids_on_the_block_the_right_stuff,Concerts,Strip,Confirmed,2026-02-14,2026-02-14,"Feb 14, 15, 18, 20, 21, 25, 28, 2026",February 2026,DQ: Single-source (flag for review).,parsed
new_kids_on_the_block_the_right_stuff__2026-02-15,New Kids on the Block: The Right Stuff,new_kids_on_the_block_the_right_stuff,Concerts,Strip,Confirmed,2026-02-15,2026-02-15,"Feb 14, 15, 18, 20, 21, 25, 28, 2026",February 2026,DQ: Single-source (flag for review).,parsed
new_kids_on_the_block_the_right_stuff__2026-02-18,New Kids on the Block: The Right Stuff,new_kids_on_the_block_the_right_stuff,Concerts,Strip,Confirmed,2026-02-18,2026-02-18,"Feb 14, 15, 18, 20, 21, 25, 28, 2026",February 2026,DQ: Single-source (flag for review).,parsed
new_kids_on_the_block_the_right_stuff__2026-02-20,New Kids on the Block: The Right Stuff,new_kids_on_the_block_the_right_stuff,Concerts,Strip,Confirmed,2026-02-20,2026-02-20,"Feb 14, 15, 18, 20, 21, 25, 28, 2026",February 2026,DQ: Single-source (flag for review).,parsed
new_kids_on_the_block_the_right_stuff__2026-02-21,New Kids on the Block: The Right Stuff,new_kids_on_the_block_the_right_stuff,Concerts,Strip,Confirmed,2026-02-21,2026-02-21,"Feb 14, 15, 18, 20, 21, 25, 28, 2026",February 2026,DQ: Single-source (flag for review).,parsed
new_kids_on_the_block_the_right_stuff__2026-02-25,New Kids on the Block: The Right Stuff,new_kids_on_the_block_the_right_stuff,Concerts,Strip,Confirmed,2026-02-25,2026-02-25,"Feb 14, 15, 18, 20, 21, 25, 28, 2026",February 2026,DQ: Single-source (flag for review).,parsed
new_kids_on_the_block_the_right_stuff__2026-02-28,New Kids on the Block: The Right Stuff,new_kids_on_the_block_the_right_stuff,Concerts,Strip,Confirmed,2026-02-28,2026-02-28,"Feb 14, 15, 18, 20, 21, 25, 28, 2026",February 2026,DQ: Single-source (flag for review).,parsed
magic_las_vegas_february__2026-02-17,MAGIC Las Vegas (February),magic_las_vegas_february,Conventions,Strip,Confirmed,2026-02-17,2026-02-19,"Feb 17-19, 2026",February 2026,Third week February,parsed
chinese_new_year_2026_year_of_the_horse__2026-02-17,Chinese New Year 2026 (Year of the Horse),chinese_new_year_2026_year_of_the_horse,Festivals,Strip,Confirmed,2026-02-17,2026-02-21,"Feb 17- 21, 2026",February 2026,Major Asian tourism influx; resorts mount elaborate CNY displays and lion dance performances (Feb 17 = Lunar New Year's Day),parsed
chinese_new_year_in_the_desert__2026-02-19,Chinese New Year in the Desert,chinese_new_year_in_the_desert,Festivals,Near-Strip,Confirmed,2026-02-19,2026-02-21,Feb 19-21,February 2026,"Annual, follows Lunar Calendar (Feb 17, 2026). 2025: Jan 30-Feb 1.; DQ: Single-source (flag for review).",parsed
rock_n_roll_las_vegas_marathon__2026-02-21,Rock 'n' Roll Las Vegas Marathon,rock_n_roll_las_vegas_marathon,Festivals,Strip,Confirmed,2026-02-21,2026-02-22,Feb 21-22 (Half Marathon: Feb 22),February 2026,"Annual, typically late Feb/early March. 2025: Feb 21-23.",parsed
rock_n_roll_las_vegas_run_half_marathon__2026-02-21,Rock 'n' Roll Las Vegas Run (Half Marathon),rock_n_roll_las_vegas_run_half_marathon,Festivals,Strip/ Near,Confirmed,2026-02-21,2026-02-22,"Feb 21- 22, 2026",February 2026,Nighttime half- marathon/10K on closed Strip (Feb 22) 71 72; 5K downtown Feb 21 73; DQ: Single-source (flag for review).,parsed
radiance_2026_cfo_conference__2026-02-23,Radiance 2026 (CFO Conference),radiance_2026_cfo_conference,Private,Unknown,Medium,2026-02-23,2026-02-25,"Feb 23-25, 2026",February 2026,DQ: Single-source (flag for review).,parsed
rugby_league_las_vegas__2026-02-28,Rugby League Las Vegas,rugby_league_las_vegas,Sports,Strip,Confirmed,2026-02-28,2026-02-28,Feb 28,February 2026,Australian tourism influx.; Australian tourism influx.,parsed
nada_show__2026-02-03,NADA Show,nada_show,Conventions,Strip,Confirmed,2026-02-03,2026-02-06,Feb 3 - 6,February 2026,Auto Dealers; Auto Dealers,parsed
sebastian_maniscalco_comedy__2026-02-06,Sebastian Maniscalco (Comedy),sebastian_maniscalco_comedy,Concerts,Strip,Confirmed,2026-02-06,2026-02-07,"Feb 6-7, 2026",February 2026,DQ: Single-source (flag for review).,parsed
presidents_day__2026-02-16,Presidents' Day,presidents_day,Holidays,Unknown,Confirmed,2026-02-16,2026-02-16,"Mon, Feb 16, 2026",February 2026,3-day weekend - strong domestic tourism; coincides with Valentine's Day weekend (Feb 14) - very busy for weddings and romance packages.,parsed
nascar_pennzoil_400_weekend__2026-03-14,NASCAR Pennzoil 400 Weekend,nascar_pennzoil_400_weekend,Sports,Greater Vegas,Confirmed,2026-03-14,2026-03-15,Mar 14-15 (Cup race Mar 15),March 2026,Mid-March spring race; DQ: Single-source (flag for review).,parsed
asd_market_week_spring__2026-03-17,ASD Market Week (Spring),asd_market_week_spring,Conventions,Strip,Confirmed,2026-03-17,2026-03-19,"Mar 17- 19, 2026",March 2026,Biannual wholesale merch. show (mid-week) 11; DQ: Single-source (flag for review).,parsed
luke_combs__2026-03-21,Luke Combs,luke_combs,Concerts,Unknown,Medium,2026-03-21,2026-03-21,Mar 21,March 2026,DQ: Single-source (flag for review).,parsed
luke_combs_my_kinda_saturday_night_tour__2026-03-21,Luke Combs - My Kinda Saturday Night Tour,luke_combs_my_kinda_saturday_night_tour,Concerts,Strip,Confirmed,2026-03-21,2026-03-21,"Mar 21, 2026",March 2026,,parsed
isc_west__2026-03-23,ISC West,isc_west,Conventions,Critical (Direct),Confirmed,2026-03-23,2026-03-27,Mar 23 - 27,March 2026,Security / Tech; Security / Tech; DQ: Single-source (flag for review).,parsed
national_hardware_show_2026__2026-03-30,National Hardware Show 2026,national_hardware_show_2026,Conventions,Strip,Confirmed,2026-03-30,2026-04-02,"Mar 30 - Apr 2, 2026",March 2026,Retail / Home Improvement; Retail / Home Improvement,parsed
conexpo_con_agg_2026__2026-03-03,CONEXPO- CON/AGG 2026,conexpo_con_agg_2026,Conventions,Strip,Confirmed,2026-03-03,2026-03-07,"Mar 3-7, 2026",March 2026,Construction machinery expo (triennial) 12,parsed
foreigner_the_hits_orchestral__2026-03-06,Foreigner: The Hits Orchestral,foreigner_the_hits_orchestral,Concerts,Strip,Confirmed,2026-03-06,2026-03-06,"Mar 6, 7, 11, 13, 14, 2026",March 2026,DQ: Single-source (flag for review).,parsed
foreigner_the_hits_orchestral__2026-03-07,Foreigner: The Hits Orchestral,foreigner_the_hits_orchestral,Concerts,Strip,Confirmed,2026-03-07,2026-03-07,"Mar 6, 7, 11, 13, 14, 2026",March 2026,DQ: Single-source (flag for review).,parsed
foreigner_the_hits_orchestral__2026-03-11,Foreigner: The Hits Orchestral,foreigner_the_hits_orchestral,Concerts,Strip,Confirmed,2026-03-11,2026-03-11,"Mar 6, 7, 11, 13, 14, 2026",March 2026,DQ: Single-source (flag for review).,parsed
foreigner_the_hits_orchestral__2026-03-13,Foreigner: The Hits Orchestral,foreigner_the_hits_orchestral,Concerts,Strip,Confirmed,2026-03-13,2026-03-13,"Mar 6, 7, 11, 13, 14, 2026",March 2026,DQ: Single-source (flag for review).,parsed
foreigner_the_hits_orchestral__2026-03-14,Foreigner: The Hits Orchestral,foreigner_the_hits_orchestral,Concerts,Strip,Confirmed,2026-03-14,2026-03-14,"Mar 6, 7, 11, 13, 14, 2026",March 2026,DQ: Single-source (flag for review).,parsed
nascar_spring_race_weekend__2026-03-06,NASCAR Spring Race Weekend,nascar_spring_race_weekend,Sports,Greater Vegas,High,2026-03-06,2026-03-08,"Mar 6-8, 2026 (est.)",March 2026,DQ: Single-source (flag for review).,parsed
himss_global_health_conference_exhibition__2026-03-09,HIMSS Global Health Conference & Exhibition,himss_global_health_conference_exhibition,Private,Unknown,Medium,2026-03-09,2026-03-12,"Mar 9-12, 2026",March 2026,DQ: Single-source (flag for review).,parsed
southern_nevada_sons_and_daughters_of_erin_st_patrick_s_day_festival_parade__2026-03-13,Southern Nevada Sons and Daughters of Erin St. Patrick's Day Festival & Parade,southern_nevada_sons_and_daughters_of_erin_st_patrick_s_day_festival_parade,StripLocal,Unknown,Medium,2026-03-13,2026-03-15,"March 13-15, 2026",March 2026,DQ: Single-source (flag for review).,parsed
college_basketball_crown__2026-04-01,College Basketball Crown,college_basketball_crown,Sports,South Strip,Confirmed,2026-04-01,2026-04-05,Apr 1 - 5,April 2026,New 16-team tournament.; New 16-team tournament.; DQ: Single-source (flag for review).,parsed
cinemacon__2026-04-13,CinemaCon,cinemacon,Conventions,Near-Strip,Confirmed,2026-04-13,2026-04-16,Apr 13 - 16,April 2026,Film Industry / Exhibition; Film Industry / Exhibition; DQ: Single-source (flag for review).,parsed
the_financial_brand_forum__2026-04-13,The Financial Brand Forum,the_financial_brand_forum,Private,Unknown,Medium,2026-04-13,2026-04-15,"Apr 13-15, 2026",April 2026,DQ: Single-source (flag for review).,parsed
phish__2026-04-16,Phish,phish,Concerts,Strip,Confirmed,2026-04-16,2026-05-02,Apr 16 - May 2,April 2026,,parsed
wrestlemania_42__2026-04-18,WrestleMania 42,wrestlemania_42,Sports,South Strip,Confirmed,2026-04-18,2026-04-19,Apr 18 - 19,April 2026,Major Compression.; Major Compression.; DQ: Single-source (flag for review).,parsed
nab_show_2026_broadcasters__2026-04-18,NAB Show 2026 (Broadcasters),nab_show_2026_broadcasters,Conventions,Strip,Confirmed,2026-04-18,2026-04-22,"Apr 18- 22, 2026",April 2026,Annual media/ broadcast expo (Apr); DQ: Single-source (flag for review).,parsed
adobe_summit__2026-04-19,Adobe Summit,adobe_summit,Conventions,Critical (Direct),Confirmed,2026-04-19,2026-04-22,Apr 19 - 22,April 2026,Digital Marketing (High Spend); Digital Marketing (High Spend); DQ: Single-source (flag for review).,parsed
b_52s_love_shack_residency__2026-04-22,"B-52s ""Love Shack"" Residency",b_52s_love_shack_residency,Concerts,Strip,Confirmed,2026-04-22,2026-04-22,"Apr 22, 24, 25, 2026",April 2026,DQ: Single-source (flag for review).,parsed
b_52s_love_shack_residency__2026-04-24,"B-52s ""Love Shack"" Residency",b_52s_love_shack_residency,Concerts,Strip,Confirmed,2026-04-24,2026-04-24,"Apr 22, 24, 25, 2026",April 2026,DQ: Single-source (flag for review).,parsed
b_52s_love_shack_residency__2026-04-25,"B-52s ""Love Shack"" Residency",b_52s_love_shack_residency,Concerts,Strip,Confirmed,2026-04-25,2026-04-25,"Apr 22, 24, 25, 2026",April 2026,DQ: Single-source (flag for review).,parsed
google_cloud_next_2026__2026-04-22,Google Cloud Next 2026,google_cloud_next_2026,Private,Unknown,Medium,2026-04-22,2026-04-24,"Apr 22-24, 2026",April 2026,DQ: Single-source (flag for review).,parsed
cyndi_lauper_residency__2026-04-24,Cyndi Lauper Residency,cyndi_lauper_residency,Concerts,Strip,Confirmed,2026-04-24,2026-05-02,"Apr 24 - May 2, 2026 (Multiple dates)",April 2026,DQ: Single-source (flag for review).,parsed
cyndi_lauper_live_in_las_vegas__2026-04-24,Cyndi Lauper: Live in Las Vegas,cyndi_lauper_live_in_las_vegas,Concerts,Strip,Confirmed,2026-04-24,2026-04-24,"Apr 24, 25, 29; May 1, 2, 2026",April 2026,DQ: Single-source (flag for review).,parsed
cyndi_lauper_live_in_las_vegas__2026-04-25,Cyndi Lauper: Live in Las Vegas,cyndi_lauper_live_in_las_vegas,Concerts,Strip,Confirmed,2026-04-25,2026-04-25,"Apr 24, 25, 29; May 1, 2, 2026",April 2026,DQ: Single-source (flag for review).,parsed
cyndi_lauper_live_in_las_vegas__2026-04-29,Cyndi Lauper: Live in Las Vegas,cyndi_lauper_live_in_las_vegas,Concerts,Strip,Confirmed,2026-04-29,2026-04-29,"Apr 24, 25, 29; May 1, 2, 2026",April 2026,DQ: Single-source (flag for review).,parsed
cyndi_lauper_live_in_las_vegas__2026-05-01,Cyndi Lauper: Live in Las Vegas,cyndi_lauper_live_in_las_vegas,Concerts,Strip,Confirmed,2026-05-01,2026-05-01,"Apr 24, 25, 29; May 1, 2, 2026",April 2026,DQ: Single-source (flag for review).,parsed
cyndi_lauper_live_in_las_vegas__2026-05-02,Cyndi Lauper: Live in Las Vegas,cyndi_lauper_live_in_las_vegas,Concerts,Strip,Confirmed,2026-05-02,2026-05-02,"Apr 24, 25, 29; May 1, 2, 2026",April 2026,DQ: Single-source (flag for review).,parsed
easter_sunday_2026__2026-04-05,Easter Sunday 2026,easter_sunday_2026,Holidays,Unknown,Confirmed,2026-04-05,2026-04-05,"Apr 5, 2026",April 2026,"Busy Easter weekend (family travel, church services offered at some resorts). Many West Coast families visit for the long weekend.",parsed
morgan_wallen__2026-05-01,Morgan Wallen,morgan_wallen,Concerts,Unknown,Medium,2026-05-01,2026-05-02,May 1 - 2,May 2026,DQ: Single-source (flag for review).,parsed
morgan_wallen_still_the_problem_tour__2026-05-01,Morgan Wallen - Still The Problem Tour,morgan_wallen_still_the_problem_tour,Concerts,Strip,Confirmed,2026-05-01,2026-05-02,"May 1-2, 2026",May 2026,,parsed
goo_goo_dolls_residency__2026-05-15,Goo Goo Dolls (residency),goo_goo_dolls_residency,Concerts,Strip,Confirmed,2026-05-15,2026-05-15,"May 15, 16, 20, 22, 23, 2026",May 2026,DQ: Single-source (flag for review).,parsed
goo_goo_dolls_residency__2026-05-16,Goo Goo Dolls (residency),goo_goo_dolls_residency,Concerts,Strip,Confirmed,2026-05-16,2026-05-16,"May 15, 16, 20, 22, 23, 2026",May 2026,DQ: Single-source (flag for review).,parsed
goo_goo_dolls_residency__2026-05-20,Goo Goo Dolls (residency),goo_goo_dolls_residency,Concerts,Strip,Confirmed,2026-05-20,2026-05-20,"May 15, 16, 20, 22, 23, 2026",May 2026,DQ: Single-source (flag for review).,parsed
goo_goo_dolls_residency__2026-05-22,Goo Goo Dolls (residency),goo_goo_dolls_residency,Concerts,Strip,Confirmed,2026-05-22,2026-05-22,"May 15, 16, 20, 22, 23, 2026",May 2026,DQ: Single-source (flag for review).,parsed
goo_goo_dolls_residency__2026-05-23,Goo Goo Dolls (residency),goo_goo_dolls_residency,Concerts,Strip,Confirmed,2026-05-23,2026-05-23,"May 15, 16, 20, 22, 23, 2026",May 2026,DQ: Single-source (flag for review).,parsed
electric_daisy_carnival_edc_las_vegas__2026-05-15,Electric Daisy Carnival (EDC) Las Vegas,electric_daisy_carnival_edc_las_vegas,Festivals,Greater Vegas,Confirmed,2026-05-15,2026-05-17,"May 15- 17, 2026",May 2026,"Variable. 450,000+ attendees. They sleep days/party nights. Late breakfast/brunch surge.; DQ: Attendance estimates vary >50% (150,000 vs 525,000).",parsed
61st_academy_of_country_music_awards__2026-05-17,61st Academy of Country Music Awards,61st_academy_of_country_music_awards,Private,Unknown,Medium,2026-05-17,2026-05-17,"May 17, 2026",May 2026,DQ: Single-source (flag for review).,parsed
dell_technologies_world_2026__2026-05-18,Dell Technologies World 2026,dell_technologies_world_2026,Conventions,Strip,Confirmed,2026-05-18,2026-05-21,"May 18-21, 2026",May 2026,Enterprise Tech; Enterprise Tech,parsed
major_boxing_superfight_cincode_mayo__2026-05-02,Major Boxing Superfight (Cincode Mayo),major_boxing_superfight_cincode_mayo,Sports,Strip,High,2026-05-02,2026-05-02,"May 2, 2026 (est.)",May 2026,DQ: Single-source (flag for review).,parsed
punk_rock_bowling_music_festival__2026-05-22,Punk Rock Bowling & Music Festival,punk_rock_bowling_music_festival,Festivals,Near-Strip,High,2026-05-22,2026-05-25,May 22-25 (Expected),May 2026,"Annual, typically Memorial Day Weekend. 2025: May 23-26.; DQ: Single-source (flag for review).",parsed
rod_stewart_the_encore_shows__2026-05-27,Rod Stewart: The Encore Shows,rod_stewart_the_encore_shows,Concerts,Strip,Confirmed,2026-05-27,2026-05-27,"May 27, 29, 30; June 2, 4, 6, 2026",May 2026,DQ: Single-source (flag for review).,parsed
rod_stewart_the_encore_shows__2026-05-29,Rod Stewart: The Encore Shows,rod_stewart_the_encore_shows,Concerts,Strip,Confirmed,2026-05-29,2026-05-29,"May 27, 29, 30; June 2, 4, 6, 2026",May 2026,DQ: Single-source (flag for review).,parsed
rod_stewart_the_encore_shows__2026-05-30,Rod Stewart: The Encore Shows,rod_stewart_the_encore_shows,Concerts,Strip,Confirmed,2026-05-30,2026-05-30,"May 27, 29, 30; June 2, 4, 6, 2026",May 2026,DQ: Single-source (flag for review).,parsed
rod_stewart_the_encore_shows__2026-06-02,Rod Stewart: The Encore Shows,rod_stewart_the_encore_shows,Concerts,Strip,Confirmed,2026-06-02,2026-06-02,"May 27, 29, 30; June 2, 4, 6, 2026",May 2026,DQ: Single-source (flag for review).,parsed
rod_stewart_the_encore_shows__2026-06-04,Rod Stewart: The Encore Shows,rod_stewart_the_encore_shows,Concerts,Strip,Confirmed,2026-06-04,2026-06-04,"May 27, 29, 30; June 2, 4, 6, 2026",May 2026,DQ: Single-source (flag for review).,parsed
rod_stewart_the_encore_shows__2026-06-06,Rod Stewart: The Encore Shows,rod_stewart_the_encore_shows,Concerts,Strip,Confirmed,2026-06-06,2026-06-06,"May 27, 29, 30; June 2, 4, 6, 2026",May 2026,DQ: Single-source (flag for review).,parsed
jck_las_vegas__2026-05-29,JCK Las Vegas,jck_las_vegas,Conventions,Strip,Confirmed,2026-05-29,2026-06-01,May 29 - Jun 1,May 2026,Jewelry / Luxury Retail; Jewelry / Luxury Retail,parsed
no_doubt__2026-05-06,No Doubt,no_doubt,Concerts,Strip,Confirmed,2026-05-06,2026-06-13,May 6 - Jun 13,May 2026,,parsed
no_doubt_live_at_sphere_reunion__2026-05-06,No Doubt - Live at Sphere (reunion),no_doubt_live_at_sphere_reunion,Concerts,Strip,Confirmed,2026-05-06,2026-05-06,"May 6, 8, 9, 13, 15, 16, 21, 23, 24, 27, 29, 30, 2026",May 2026,DQ: Single-source (flag for review).,parsed
no_doubt_live_at_sphere_reunion__2026-05-08,No Doubt - Live at Sphere (reunion),no_doubt_live_at_sphere_reunion,Concerts,Strip,Confirmed,2026-05-08,2026-05-08,"May 6, 8, 9, 13, 15, 16, 21, 23, 24, 27, 29, 30, 2026",May 2026,DQ: Single-source (flag for review).,parsed
no_doubt_live_at_sphere_reunion__2026-05-09,No Doubt - Live at Sphere (reunion),no_doubt_live_at_sphere_reunion,Concerts,Strip,Confirmed,2026-05-09,2026-05-09,"May 6, 8, 9, 13, 15, 16, 21, 23, 24, 27, 29, 30, 2026",May 2026,DQ: Single-source (flag for review).,parsed
no_doubt_live_at_sphere_reunion__2026-05-13,No Doubt - Live at Sphere (reunion),no_doubt_live_at_sphere_reunion,Concerts,Strip,Confirmed,2026-05-13,2026-05-13,"May 6, 8, 9, 13, 15, 16, 21, 23, 24, 27, 29, 30, 2026",May 2026,DQ: Single-source (flag for review).,parsed
no_doubt_live_at_sphere_reunion__2026-05-15,No Doubt - Live at Sphere (reunion),no_doubt_live_at_sphere_reunion,Concerts,Strip,Confirmed,2026-05-15,2026-05-15,"May 6, 8, 9, 13, 15, 16, 21, 23, 24, 27, 29, 30, 2026",May 2026,DQ: Single-source (flag for review).,parsed
no_doubt_live_at_sphere_reunion__2026-05-16,No Doubt - Live at Sphere (reunion),no_doubt_live_at_sphere_reunion,Concerts,Strip,Confirmed,2026-05-16,2026-05-16,"May 6, 8, 9, 13, 15, 16, 21, 23, 24, 27, 29, 30, 2026",May 2026,DQ: Single-source (flag for review).,parsed
no_doubt_live_at_sphere_reunion__2026-05-21,No Doubt - Live at Sphere (reunion),no_doubt_live_at_sphere_reunion,Concerts,Strip,Confirmed,2026-05-21,2026-05-21,"May 6, 8, 9, 13, 15, 16, 21, 23, 24, 27, 29, 30, 2026",May 2026,DQ: Single-source (flag for review).,parsed
no_doubt_live_at_sphere_reunion__2026-05-23,No Doubt - Live at Sphere (reunion),no_doubt_live_at_sphere_reunion,Concerts,Strip,Confirmed,2026-05-23,2026-05-23,"May 6, 8, 9, 13, 15, 16, 21, 23, 24, 27, 29, 30, 2026",May 2026,DQ: Single-source (flag for review).,parsed
no_doubt_live_at_sphere_reunion__2026-05-24,No Doubt - Live at Sphere (reunion),no_doubt_live_at_sphere_reunion,Concerts,Strip,Confirmed,2026-05-24,2026-05-24,"May 6, 8, 9, 13, 15, 16, 21, 23, 24, 27, 29, 30, 2026",May 2026,DQ: Single-source (flag for review).,parsed
no_doubt_live_at_sphere_reunion__2026-05-27,No Doubt - Live at Sphere (reunion),no_doubt_live_at_sphere_reunion,Concerts,Strip,Confirmed,2026-05-27,2026-05-27,"May 6, 8, 9, 13, 15, 16, 21, 23, 24, 27, 29, 30, 2026",May 2026,DQ: Single-source (flag for review).,parsed
no_doubt_live_at_sphere_reunion__2026-05-29,No Doubt - Live at Sphere (reunion),no_doubt_live_at_sphere_reunion,Concerts,Strip,Confirmed,2026-05-29,2026-05-29,"May 6, 8, 9, 13, 15, 16, 21, 23, 24, 27, 29, 30, 2026",May 2026,DQ: Single-source (flag for review).,parsed
no_doubt_live_at_sphere_reunion__2026-05-30,No Doubt - Live at Sphere (reunion),no_doubt_live_at_sphere_reunion,Concerts,Strip,Confirmed,2026-05-30,2026-05-30,"May 6, 8, 9, 13, 15, 16, 21, 23, 24, 27, 29, 30, 2026",May 2026,DQ: Single-source (flag for review).,parsed
lovers_friends_festival__2026-05-09,Lovers & Friends Festival,lovers_friends_festival,Festivals,Strip,High,2026-05-09,2026-05-09,May 9 (Expected),May 2026,"Annual, typically early May. 2025: May 3.",parsed
memorial_day__2026-05-25,Memorial Day,memorial_day,Holidays,Unknown,Confirmed,2026-05-25,2026-05-25,"Mon, May 25, 2026",May 2026,3-day weekend - very high tourism (unofficial summer kick-off). Pool clubs and music festivals; expect sold-out hotels.,parsed
cincode_mayo__2026-05-05,Cincode Mayo,cincode_mayo,Holidays,Unknown,Confirmed,2026-05-05,2026-05-05,"Tues, May 5, 2026",May 2026,"Popular celebration in Vegas - Latin-themed events, high nightclub attendance. (Mid-week in 2026.)",parsed
reggae_in_the_desert__2026-06-13,Reggae in the Desert,reggae_in_the_desert,Festivals,Greater Vegas,High,2026-06-13,2026-06-13,Jun 13 (Expected),June 2026,"Annual, typically mid-June. 2025: Jun 14.; DQ: Single-source (flag for review).",parsed
kenny_chesney__2026-06-19,Kenny Chesney,kenny_chesney,Concerts,Unknown,Medium,2026-06-19,2026-06-27,Jun 19 - 27,June 2026,DQ: Single-source (flag for review).,parsed
infocomm_2026_pro_av_expo__2026-06-17,InfoComm 2026 (Pro AV Expo),infocomm_2026_pro_av_expo,Conventions,Strip,Confirmed,2026-06-17,2026-06-19,"June 17- 19, 2026",June 2026,Annual audiovisual trade show (June); DQ: Single-source (flag for review).,parsed
kenny_chesney_live_at_sphere__2026-06-19,Kenny Chesney - Live at Sphere,kenny_chesney_live_at_sphere,Concerts,Strip,Confirmed,2026-06-19,2026-06-19,"June 19, 20, 24, 26, 27, 2026",June 2026,DQ: Single-source (flag for review).,parsed
kenny_chesney_live_at_sphere__2026-06-20,Kenny Chesney - Live at Sphere,kenny_chesney_live_at_sphere,Concerts,Strip,Confirmed,2026-06-20,2026-06-20,"June 19, 20, 24, 26, 27, 2026",June 2026,DQ: Single-source (flag for review).,parsed
kenny_chesney_live_at_sphere__2026-06-24,Kenny Chesney - Live at Sphere,kenny_chesney_live_at_sphere,Concerts,Strip,Confirmed,2026-06-24,2026-06-24,"June 19, 20, 24, 26, 27, 2026",June 2026,DQ: Single-source (flag for review).,parsed
kenny_chesney_live_at_sphere__2026-06-26,Kenny Chesney - Live at Sphere,kenny_chesney_live_at_sphere,Concerts,Strip,Confirmed,2026-06-26,2026-06-26,"June 19, 20, 24, 26, 27, 2026",June 2026,DQ: Single-source (flag for review).,parsed
kenny_chesney_live_at_sphere__2026-06-27,Kenny Chesney - Live at Sphere,kenny_chesney_live_at_sphere,Concerts,Strip,Confirmed,2026-06-27,2026-06-27,"June 19, 20, 24, 26, 27, 2026",June 2026,DQ: Single-source (flag for review).,parsed
cosmoprof_north_america__2026-07-13,Cosmoprof North America,cosmoprof_north_america,Conventions,Strip,Confirmed,2026-07-13,2026-07-15,"Jul 13-15, 2026",July 2026,Beauty (Moved to July); Beauty (Moved to July),parsed
ed_sheeran_loop_tour__2026-07-18,Ed Sheeran - LOOP Tour,ed_sheeran_loop_tour,Concerts,Strip,Confirmed,2026-07-18,2026-07-18,"Jul 18, 2026",July 2026,DQ: Single-source (flag for review).,parsed
july_4th_fireworks__2026-07-04,July 4th Fireworks,july_4th_fireworks,Festivals,Strip,Confirmed,2026-07-04,2026-07-04,Jul 4,July 2026,Annual,parsed
kelly_clarkson_studio_sessions__2026-07-17,Kelly Clarkson: Studio Sessions,kelly_clarkson_studio_sessions,Concerts,Strip,Confirmed,2026-07-17,2026-07-17,"July 17, 18, 24, 25, 31; Aug 1, 7, 8, 14, 15, 2026",July 2026,DQ: Single-source (flag for review).,parsed
kelly_clarkson_studio_sessions__2026-07-18,Kelly Clarkson: Studio Sessions,kelly_clarkson_studio_sessions,Concerts,Strip,Confirmed,2026-07-18,2026-07-18,"July 17, 18, 24, 25, 31; Aug 1, 7, 8, 14, 15, 2026",July 2026,DQ: Single-source (flag for review).,parsed
kelly_clarkson_studio_sessions__2026-07-24,Kelly Clarkson: Studio Sessions,kelly_clarkson_studio_sessions,Concerts,Strip,Confirmed,2026-07-24,2026-07-24,"July 17, 18, 24, 25, 31; Aug 1, 7, 8, 14, 15, 2026",July 2026,DQ: Single-source (flag for review).,parsed
kelly_clarkson_studio_sessions__2026-07-25,Kelly Clarkson: Studio Sessions,kelly_clarkson_studio_sessions,Concerts,Strip,Confirmed,2026-07-25,2026-07-25,"July 17, 18, 24, 25, 31; Aug 1, 7, 8, 14, 15, 2026",July 2026,DQ: Single-source (flag for review).,parsed
kelly_clarkson_studio_sessions__2026-07-31,Kelly Clarkson: Studio Sessions,kelly_clarkson_studio_sessions,Concerts,Strip,Confirmed,2026-07-31,2026-07-31,"July 17, 18, 24, 25, 31; Aug 1, 7, 8, 14, 15, 2026",July 2026,DQ: Single-source (flag for review).,parsed
kelly_clarkson_studio_sessions__2026-08-01,Kelly Clarkson: Studio Sessions,kelly_clarkson_studio_sessions,Concerts,Strip,Confirmed,2026-08-01,2026-08-01,"July 17, 18, 24, 25, 31; Aug 1, 7, 8, 14, 15, 2026",July 2026,DQ: Single-source (flag for review).,parsed
kelly_clarkson_studio_sessions__2026-08-07,Kelly Clarkson: Studio Sessions,kelly_clarkson_studio_sessions,Concerts,Strip,Confirmed,2026-08-07,2026-08-07,"July 17, 18, 24, 25, 31; Aug 1, 7, 8, 14, 15, 2026",July 2026,DQ: Single-source (flag for review).,parsed
kelly_clarkson_studio_sessions__2026-08-08,Kelly Clarkson: Studio Sessions,kelly_clarkson_studio_sessions,Concerts,Strip,Confirmed,2026-08-08,2026-08-08,"July 17, 18, 24, 25, 31; Aug 1, 7, 8, 14, 15, 2026",July 2026,DQ: Single-source (flag for review).,parsed
kelly_clarkson_studio_sessions__2026-08-14,Kelly Clarkson: Studio Sessions,kelly_clarkson_studio_sessions,Concerts,Strip,Confirmed,2026-08-14,2026-08-14,"July 17, 18, 24, 25, 31; Aug 1, 7, 8, 14, 15, 2026",July 2026,DQ: Single-source (flag for review).,parsed
kelly_clarkson_studio_sessions__2026-08-15,Kelly Clarkson: Studio Sessions,kelly_clarkson_studio_sessions,Concerts,Strip,Confirmed,2026-08-15,2026-08-15,"July 17, 18, 24, 25, 31; Aug 1, 7, 8, 14, 15, 2026",July 2026,DQ: Single-source (flag for review).,parsed
ed_sheeran__2026-07-18,Ed Sheeran,ed_sheeran,Concerts,Strip,Confirmed,2026-07-18,2026-07-18,July 18,July 2026,,parsed
las_vegas_summer_market_home_furnishings__2026-07-26,Las Vegas Summer Market (Home Furnishings),las_vegas_summer_market_home_furnishings,Conventions,Near- Strip,Confirmed,2026-07-26,2026-07-30,"July 26- 30, 2026",July 2026,Biannual furniture market (Jul & Jan); DQ: Single-source (flag for review).,parsed
fourth_of_july_fireworks__2026-07-04,Fourth of July Fireworks,fourth_of_july_fireworks,Festivals,Strip/ Citywide,High,2026-07-04,2026-07-04,"July 4, 2026 (evening)",July 2026,"U.S. Independence Day - coordinated fireworks shows (Caesars Palace, Strat, Plaza, etc) and city events; Summerlin hosts large parade July 4 morning.; DQ: Single-source (flag for review).",parsed
ac_dc__2026-08-01,AC/DC,ac_dc,Concerts,Unknown,Medium,2026-08-01,2026-08-01,Aug 1,August 2026,DQ: Single-source (flag for review).,parsed
ac_dc_power_up_tour__2026-08-01,AC/DC - POWER UP TOUR,ac_dc_power_up_tour,Concerts,Strip,Confirmed,2026-08-01,2026-08-01,"Aug 1, 2026",August 2026,DQ: Single-source (flag for review).,parsed
magic_las_vegas_august__2026-08-10,MAGIC Las Vegas (August),magic_las_vegas_august,Conventions,Strip,Confirmed,2026-08-10,2026-08-12,"Aug 10-12, 2026",August 2026,Second week August,parsed
offprice_show_summer__2026-08-10,Offprice Show (Summer),offprice_show_summer,Conventions,Strip,High,2026-08-10,2026-08-12,"Aug 10- 12, 2026",August 2026,Runs alongside MAGIC in August (unannounced); DQ: Single-source (flag for review).,parsed
superzoo__2026-08-12,SuperZoo,superzoo,Conventions,South Strip,Confirmed,2026-08-12,2026-08-14,Aug 12 - 14,August 2026,Pet Retail; Pet Retail; DQ: Single-source (flag for review).,parsed
guns_n_roses_2026_world_tour__2026-08-22,Guns N' Roses - 2026 World Tour,guns_n_roses_2026_world_tour,Concerts,Strip,Confirmed,2026-08-22,2026-08-22,"Aug 22, 2026",August 2026,DQ: Single-source (flag for review).,parsed
asd_market_week_summer__2026-08-25,ASD Market Week (Summer),asd_market_week_summer,Conventions,Strip,Confirmed,2026-08-25,2026-08-27,"Aug 25- 27, 2026",August 2026,Now 3-day mid-week format (Aug),parsed
eclipse_day_partial__2026-08-12,Eclipse Day (Partial),eclipse_day_partial,Negative,Unknown,Medium,2026-08-12,2026-08-12,"Wed, Aug 12, 2026",August 2026,"A ~90% partial solar eclipse in Vegas midday (11:30am) might momentarily distract visitors. Not a negative per se, but may prompt some to travel to totality path in Texas rather than Vegas that week.; DQ: Single-source (flag for review).",parsed
labor_day__2026-09-07,Labor Day,labor_day,Holidays,Unknown,Confirmed,2026-09-07,2026-09-07,"Mon, Sep 7",September 2026,"Peak summer closing 3-day weekend, very high demand.",parsed
iheartradio_music_festival__2026-09-18,iHeartRadio Music Festival,iheartradio_music_festival,Festivals,Strip,High,2026-09-18,2026-09-19,"Sep 18-19, 2026 (Based on historical pattern)",September 2026,"Two-night televised concert with A-list pop acts, held each September in Vegas (since 2011)",parsed
foo_fighters__2026-09-26,Foo Fighters,foo_fighters,Concerts,Unknown,Medium,2026-09-26,2026-09-26,Sep 26,September 2026,DQ: Single-source (flag for review).,parsed
foo_fighters_take_cover_tour__2026-09-26,Foo Fighters - TAKE COVER TOUR,foo_fighters_take_cover_tour,Concerts,Strip,Confirmed,2026-09-26,2026-09-26,"Sep 26, 2026",September 2026,DQ: Single-source (flag for review).,parsed
carin_leon__2026-09-04,Carin Leon,carin_leon,Concerts,Unknown,Medium,2026-09-04,2026-09-13,Sep 4 - 13,September 2026,DQ: Single-source (flag for review).,parsed
dolly_parton_live_in_las_vegas__2026-09-17,Dolly Parton: Live in Las Vegas,dolly_parton_live_in_las_vegas,Concerts,Strip,Confirmed,2026-09-17,2026-09-17,"Sept 17, 19, 20, 23, 25, 26, 2026",September 2026,DQ: Single-source (flag for review).,parsed
dolly_parton_live_in_las_vegas__2026-09-19,Dolly Parton: Live in Las Vegas,dolly_parton_live_in_las_vegas,Concerts,Strip,Confirmed,2026-09-19,2026-09-19,"Sept 17, 19, 20, 23, 25, 26, 2026",September 2026,DQ: Single-source (flag for review).,parsed
dolly_parton_live_in_las_vegas__2026-09-20,Dolly Parton: Live in Las Vegas,dolly_parton_live_in_las_vegas,Concerts,Strip,Confirmed,2026-09-20,2026-09-20,"Sept 17, 19, 20, 23, 25, 26, 2026",September 2026,DQ: Single-source (flag for review).,parsed
dolly_parton_live_in_las_vegas__2026-09-23,Dolly Parton: Live in Las Vegas,dolly_parton_live_in_las_vegas,Concerts,Strip,Confirmed,2026-09-23,2026-09-23,"Sept 17, 19, 20, 23, 25, 26, 2026",September 2026,DQ: Single-source (flag for review).,parsed
dolly_parton_live_in_las_vegas__2026-09-25,Dolly Parton: Live in Las Vegas,dolly_parton_live_in_las_vegas,Concerts,Strip,Confirmed,2026-09-25,2026-09-25,"Sept 17, 19, 20, 23, 25, 26, 2026",September 2026,DQ: Single-source (flag for review).,parsed
dolly_parton_live_in_las_vegas__2026-09-26,Dolly Parton: Live in Las Vegas,dolly_parton_live_in_las_vegas,Concerts,Strip,Confirmed,2026-09-26,2026-09-26,"Sept 17, 19, 20, 23, 25, 26, 2026",September 2026,DQ: Single-source (flag for review).,parsed
life_is_beautiful_2026_music_art__2026-09-18,Life Is Beautiful 2026 (music & art),life_is_beautiful_2026_music_art,Festivals,Near- Strip,High,2026-09-18,2026-09-20,"Sept 18- 20, 2026 (est.)",September 2026,Major downtown festival (art/ food/music). Returning after hiatus - typically mid-late September 68; DQ: Single-source (flag for review).,parsed
global_gaming_expo_g2e_2026__2026-09-28,Global Gaming Expo (G2E) 2026,global_gaming_expo_g2e_2026,Conventions,Strip,Confirmed,2026-09-28,2026-10-01,"Sept 28 - Oct 1, 2026",September 2026,Annual casino gaming trade show (fall)24,parsed
carin_leon_at_sphere_latin_music__2026-09-04,Carín León at Sphere (Latin music),carin_leon_at_sphere_latin_music,Concerts,Strip,Confirmed,2026-09-04,2026-09-04,"Sept 4, 5, 6, 11, 12, 13, 2026",September 2026,DQ: Single-source (flag for review).,parsed
carin_leon_at_sphere_latin_music__2026-09-05,Carín León at Sphere (Latin music),carin_leon_at_sphere_latin_music,Concerts,Strip,Confirmed,2026-09-05,2026-09-05,"Sept 4, 5, 6, 11, 12, 13, 2026",September 2026,DQ: Single-source (flag for review).,parsed
carin_leon_at_sphere_latin_music__2026-09-06,Carín León at Sphere (Latin music),carin_leon_at_sphere_latin_music,Concerts,Strip,Confirmed,2026-09-06,2026-09-06,"Sept 4, 5, 6, 11, 12, 13, 2026",September 2026,DQ: Single-source (flag for review).,parsed
carin_leon_at_sphere_latin_music__2026-09-11,Carín León at Sphere (Latin music),carin_leon_at_sphere_latin_music,Concerts,Strip,Confirmed,2026-09-11,2026-09-11,"Sept 4, 5, 6, 11, 12, 13, 2026",September 2026,DQ: Single-source (flag for review).,parsed
carin_leon_at_sphere_latin_music__2026-09-12,Carín León at Sphere (Latin music),carin_leon_at_sphere_latin_music,Concerts,Strip,Confirmed,2026-09-12,2026-09-12,"Sept 4, 5, 6, 11, 12, 13, 2026",September 2026,DQ: Single-source (flag for review).,parsed
carin_leon_at_sphere_latin_music__2026-09-13,Carín León at Sphere (Latin music),carin_leon_at_sphere_latin_music,Concerts,Strip,Confirmed,2026-09-13,2026-09-13,"Sept 4, 5, 6, 11, 12, 13, 2026",September 2026,DQ: Single-source (flag for review).,parsed
las_vegas_marathon_original__2026-10-11,"Las Vegas Marathon (""Original"")",las_vegas_marathon_original,Festivals,Greater Vegas,Confirmed,2026-10-11,2026-10-11,"Oct 11, 2026",October 2026,Separate marathon event (smaller scale) revived in fall (Oct 2026) 74; DQ: Single-source (flag for review).,parsed
when_we_were_young_festival__2026-10-17,When We Were Young Festival,when_we_were_young_festival,Festivals,Strip,High,2026-10-17,2026-10-18,Oct 17-18 (Expected),October 2026,"Annual, typically mid-to-late October. 2025: Oct 18-19.",parsed
money20_20_usa__2026-10-18,Money20/20 USA,money20_20_usa,Private,Unknown,Medium,2026-10-18,2026-10-21,"Oct 18-21, 2026",October 2026,DQ: Single-source (flag for review).,parsed
hr_tech_conference__2026-10-20,HR Tech Conference,hr_tech_conference,Conventions,South Strip,Confirmed,2026-10-20,2026-10-22,Oct 20 - 22,October 2026,Human Resources; Human Resources; DQ: Single-source (flag for review).,parsed
oracle_cloud_world__2026-10-26,Oracle Cloud World,oracle_cloud_world,Conventions,Critical (Direct),Confirmed,2026-10-26,2026-10-29,Oct 26 - 29,October 2026,Enterprise Tech; Enterprise Tech; DQ: Single-source (flag for review).,parsed
netsuite_suiteworld__2026-10-26,NetSuite SuiteWorld,netsuite_suiteworld,Private,Unknown,Medium,2026-10-26,2026-10-29,"Oct 26-29, 2026",October 2026,DQ: Single-source (flag for review).,parsed
las_vegas_pride_parade_festival__2026-10-02,Las Vegas PRIDE Parade & Festival,las_vegas_pride_parade_festival,Festivals,Near- Strip,High,2026-10-02,2026-10-03,"Oct 2-3, 2026 (est.)",October 2026,Annual LGBTQ+ Pride parade down 4th St. (first Fri of Oct) and weekend festival 69; DQ: Single-source (flag for review).,parsed
dia_de_los_muertos__2026-10-31,Día de los Muertos,dia_de_los_muertos,Festivals,Greater Vegas,High,2026-10-31,2026-11-02,Oct 31 - Nov 2 (Expected),October 2026,"Annual, Nov 1-2. Springs Preserve event is a major local draw. 2025: Oct 30-Nov 2.",parsed
nascar_south_point_400_weekend__2026-10-03,NASCAR South Point 400 Weekend,nascar_south_point_400_weekend,Sports,Greater Vegas,Confirmed,2026-10-03,2026-10-04,Oct 3-4 (Cup race ~Oct 4),October 2026,Early October playoff race; DQ: Single-source (flag for review).,approximate
las_vegas_pride__2026-10-09,Las Vegas Pride,las_vegas_pride,Festivals,Near-Strip,High,2026-10-09,2026-10-11,Oct 9-11 (Expected),October 2026,"Annual, typically second weekend of October. 2025: Oct 10-12.",parsed
nascar_fall_race_weekend__2026-10-16,NASCAR Fall Race Weekend,nascar_fall_race_weekend,Sports,Greater Vegas,High,2026-10-16,2026-10-18,"~Oct 16- 18, 2026 (est.)",October 2026,DQ: Single-source (flag for review).,approximate
formula_1_las_vegas_grand_prix__2026-11-19,Formula 1 Las Vegas Grand Prix,formula_1_las_vegas_grand_prix,Sports,Strip,Confirmed,2026-11-19,2026-11-21,Nov 19 - 21,November 2026,"Track affects FSM access.; Track affects FSM access.; DQ: Attendance estimates vary >50% (31,500 vs 300,000).",parsed
f1_fan_fest__2026-11-19,F1 Fan Fest,f1_fan_fest,Festivals,Unknown,Confirmed,2026-11-19,2026-11-21,Nov 19 - 21,November 2026,High. Integrated into race week.; DQ: Single-source (flag for review).,parsed
aapex_2026_automotive_parts_expo__2026-11-03,AAPEX 2026 (Automotive Parts Expo),aapex_2026_automotive_parts_expo,Conventions,Strip,Confirmed,2026-11-03,2026-11-05,"Nov 3-5, 2026",November 2026,Held same week as SEMA (Nov)30; DQ: Single-source (flag for review).,parsed
sema_show_2026_auto_aftermarket__2026-11-03,SEMA Show 2026 (Auto Aftermarket),sema_show_2026_auto_aftermarket,Conventions,Strip,Confirmed,2026-11-03,2026-11-06,"Nov 3-6, 2026",November 2026,Annual auto specialty trade show (Nov)28; DQ: Single-source (flag for review).,parsed
awsre_invent__2026-11-30,AWSre:Invent,awsre_invent,Conventions,Strip,Confirmed,2026-11-30,2026-12-04,"Nov 30 - Dec 4, 2026",November 2026,Cloud Computing (Massive); Cloud Computing (Massive),parsed
veterans_day_parade__2026-11-11,Veterans Day Parade,veterans_day_parade,StripLocal,Unknown,Medium,2026-11-11,2026-11-11,"November 11, 2026",November 2026,,parsed
veterans_day__2026-11-11,Veterans Day,veterans_day,Holidays,Unknown,Confirmed,2026-11-11,2026-11-11,"Wed, Nov 11, 2026",November 2026,Midweek holiday - some govt/bank closures. Las Vegas hosts one of the biggest Veterans Day parades in US (downtown). Modest tourism bump if visitors make it a long weekend.,parsed
mjbizcon__2026-12-01,MJBizCon,mjbizcon,Conventions,Strip Corridor,Confirmed,2026-12-01,2026-12-04,Dec 1 - 4,December 2026,Cannabis Industry; Cannabis Industry; DQ: Single-source (flag for review).,parsed
las_vegas_bowl_2026_college_fb__2026-12-19,Las Vegas Bowl 2026 (College FB),las_vegas_bowl_2026_college_fb,Sports,Strip,Medium,2026-12-19,2026-12-20,"Dec 19- 20, 2026 (TBD)",December 2026,DQ: Single-source (flag for review).,parsed
mjbizcon_2026_cannabis_expo__2026-12-01,MJBizCon 2026 (Cannabis Expo),mjbizcon_2026_cannabis_expo,Conventions,Strip,Confirmed,2026-12-01,2026-12-04,"Dec 1-4, 2026",December 2026,Annual cannabis industry conf. (Dec)33 34; DQ: Single-source (flag for review).,parsed
new_year_s_eve__2026-12-31,New Year's Eve,new_year_s_eve,Festivals,Strip/Downtown,Confirmed,2026-12-31,2026-12-31,Dec 31,December 2026,Critical. Strip closes to traffic. FSM is a prime pre-closure access point.,parsed
new_year_s_eve_fireworks__2026-12-31,New Year's Eve Fireworks,new_year_s_eve_fireworks,Festivals,Strip,Confirmed,2026-12-31,2026-12-31,Dec 31,December 2026,Annual Strip celebration,parsed
new_year_s_eve_america_s_party__2026-12-31,"New Year's Eve ""America's Party""",new_year_s_eve_america_s_party,Festivals,Strip,Confirmed,2026-12-31,2026-12-31,"Dec 31, 2026",December 2026,Citywide NYE celebration with 8-minute midnight Strip fireworks show 78; Fremont St Experience hosts ~\$50 NYE bash downtown.,parsed
national_finals_rodeo_nfr_2026__2026-12-03,National Finals Rodeo (NFR) 2026,national_finals_rodeo_nfr_2026,Sports,Near- Strip,Confirmed,2026-12-03,2026-12-12,"Dec 3- 12, 2026",December 2026,"The ""Cowboy Christmas"" takeover.; The ""Cowboy Christmas"" takeover.",parsed
wrangler_national_finals_rodeo__2026-12-03,Wrangler National Finals Rodeo,wrangler_national_finals_rodeo,Sports,Near-Strip,Confirmed,2026-12-03,2026-12-12,Dec 3-12 (expected),December 2026,Early December 10-day event,parsed
christmas_day__2026-12-25,Christmas Day,christmas_day,Holidays,Unknown,Confirmed,2026-12-25,2026-12-25,"Fri, Dec 25, 2026",December 2026,"Christmas in Vegas is comparatively quiet (many shows go dark 12/23-25). However, the period from Dec 26-31 is one of the busiest of the year as New Year's crowds arrive.",parsed
